YOM,Company,Model,odometer,fuel,transmission,RTO
2023,Tata,PUNCH,54.41k km,Petrol,Manual,DL-3C
2021,Nissan,MAGNITE,32.57k km,Petrol,Manual,DL-7C
2017,Tata,Tiago,1.3L km,Petrol,Manual,DL-12
2016,Maruti,Wagon R 1.0,1.1L km,Petrol,Manual,HR-26
2023,Maruti,Swift,30.68k km,Petrol,Manual,DL-5C
2024,Maruti,BREZZA,7.04k km,Petrol,Manual,DL-9C
2020,Hyundai,VENUE,57.13k km,Petrol,Manual,DL-4C
2018,Volkswagen,Ameo,64.28k km,Petrol,Manual,DL-10
2020,MG,HECTOR,43.05k km,Petrol,Manual,DL-10
2022,Tata,PUNCH,72.74k km,Petrol,Manual,DL-3C
2023,Maruti,Baleno,24.55k km,Petrol,Manual,HR-16
2020,Mahindra,Thar,20.50k km,Petrol,Auto,DL-12
2023,Maruti,FRONX,2.74k km,Petrol,Manual,DL-10
2022,Toyota,Glanza,30.85k km,Petrol,Manual,DL-10
2015,Maruti,Swift,40.78k km,Petrol,Manual,DL-3C
2024,Volkswagen,TAIGUN,23.08k km,Petrol,Manual,DL-14
2020,Maruti,Alto,52.37k km,Petrol,Manual,DL-9C
2020,Skoda,Rapid,56.75k km,Petrol,Manual,HR-26
2021,Renault,Kiger,54.20k km,Petrol,Auto,HR-51
2017,Maruti,Wagon R 1.0,30.56k km,Petrol,Manual,DL-14
2021,Maruti,New Wagon-R,56.95k km,Petrol,Manual,DL-1C
2017,Tata,Tiago,99.11k km,Petrol,Manual,DL-3C
2018,Datsun,Redi Go,23.55k km,Petrol,Manual,DL-14
2021,Tata,ALTROZ,30.48k km,Petrol,Manual,DL-11
2017,Hyundai,Grand i10,60.42k km,Petrol,Manual,DL-8C
2019,Ford,New Figo,52.28k km,Petrol,Manual,DL-10
2018,Hyundai,Grand i10,36.56k km,Petrol,Manual,DL-1C
2024,KIA,SONET,23.22k km,Petrol,Manual,DL-3C
2019,Jeep,Compass,65.24k km,Petrol,Manual,DL-3C
2020,Honda,Amaze,39.54k km,Petrol,Auto,DL-8C
2017,Honda,BR-V,97.37k km,Petrol,Manual,DL-10
2021,Nissan,MAGNITE,63.51k km,Petrol,Manual,DL-7C
2021,Hyundai,NEW I20,33.49k km,Petrol,Auto,DL-1C
2022,Mahindra,XUV700,29.39k km,Petrol,Manual,DL-8C
2017,Maruti,Celerio,64.22k km,Petrol,Manual,DL-12
2015,Maruti,Alto K10,11.36k km,Petrol,Manual,DL-3C
2021,Maruti,Ertiga,71.29k km,Petrol,Manual,DL-2C
2017,Maruti,Celerio,42.12k km,Petrol,Manual,DL-2C
2022,Mahindra,Thar,9.21k km,Petrol,Manual,DL-3C
2020,Renault,TRIBER,96.15k km,Petrol,Manual,HR-26
2017,Maruti,Ciaz,62.06k km,Petrol,Manual,DL-8C
2020,Hyundai,Elite i20,51.21k km,Petrol,Manual,DL-3C
2016,Maruti,Swift,60.14k km,Petrol,Manual,DL-9C
2020,Toyota,YARIS,40.42k km,Petrol,Auto,DL-8C
2019,Renault,Duster,51.01k km,Petrol,Manual,DL-12
2015,Maruti,Swift,60.57k km,Petrol,Manual,DL-1C
2012,Maruti,Wagon R 1.0,48.67k km,Petrol,Manual,DL-9C
2018,Hyundai,Elite i20,53.20k km,Petrol,Manual,HR-26
2013,Maruti,Alto 800,18.72k km,Petrol,Manual,DL-8C
2021,Volkswagen,Polo,57.64k km,Petrol,Manual,DL-8C
2021,Renault,Kwid,31.91k km,Petrol,Manual,DL-9C
2015,Toyota,Corolla Altis,60.41k km,Petrol,Auto,DL-10
2023,Maruti,Grand Vitara,16.23k km,Petrol,Manual,DL-2C
2021,Skoda,Rapid,28.00k km,Petrol,Auto,DL-14
2022,Maruti,IGNIS,32.29k km,Petrol,Manual,DL-9C
2024,KIA,SONET,7.76k km,Petrol,Manual,DL-14
2020,Ford,Ecosport,81.36k km,Petrol,Manual,DL-12
2014,Volkswagen,Polo,77.58k km,Petrol,Manual,DL-10
2022,MG,HECTOR,38.71k km,Petrol,Auto,HR-06
2021,KIA,SELTOS,45.67k km,Petrol,Manual,DL-9C
2021,Skoda,KUSHAQ,96.07k km,Petrol,Auto,DL-2C
2017,Maruti,Celerio,80.34k km,Petrol,Manual,DL-12
2019,Ford,Ecosport,59.14k km,Petrol,Manual,DL-9C
2015,Ford,Ecosport,71.66k km,Petrol,Auto,DL-10
2024,Maruti,Alto K10,17.23k km,Petrol,Manual,DL-3C
2022,KIA,SONET,38.64k km,Petrol,Manual,DL-8C
2021,Tata,ALTROZ,69.53k km,Petrol,Manual,DL-10
2016,Hyundai,Elite i20,61.20k km,Petrol,Manual,DL-11
2020,Jeep,Compass,65.67k km,Petrol,Auto,DL-2C
2015,Maruti,Swift,53.95k km,Petrol,Manual,DL-3C
2014,Honda,Mobilio,40.89k km,Petrol,Manual,DL-4C
2024,KIA,CARENS,26.95k km,Petrol,Manual,DL-3C
2021,Honda,Amaze,34.45k km,Petrol,Auto,DL-9C
2022,Maruti,S PRESSO,32.57k km,Petrol,Auto,DL-14
2018,Renault,Duster,87.40k km,Petrol,Auto,DL-1C
2015,Hyundai,Elite i20,24.25k km,Petrol,Manual,DL-8C
2015,Maruti,Ciaz,30.56k km,Petrol,Manual,DL-5C
2021,MG,HECTOR,15.99k km,Petrol,Manual,DL-12
2018,Maruti,Wagon R 1.0,33.36k km,Petrol,Manual,DL-4C
2018,Hyundai,Creta,46.47k km,Petrol,Manual,DL-12
2021,Renault,Kwid,17.62k km,Petrol,Manual,DL-8C
2023,Volkswagen,TAIGUN,15.45k km,Petrol,Manual,DL-11
2017,Maruti,Dzire,67.41k km,Petrol,Manual,DL-12
2018,Hyundai,Grand i10,1.3L km,Petrol,Manual,DL-7C
2018,Honda,City,55.71k km,Petrol,Auto,DL-9C
2014,Hyundai,Grand i10,52.81k km,Petrol,Manual,DL-3C
2015,Hyundai,Eon,22.31k km,Petrol,Manual,DL-1C
2022,MG,ASTOR,76.32k km,Petrol,Auto,DL-14
2021,Hyundai,GRAND I10 NIOS,59.47k km,Petrol,Manual,DL-10
2017,Honda,BR-V,51.42k km,Petrol,Manual,HR-51
2018,Renault,Kwid,49.52k km,Petrol,Manual,DL-8C
2017,Maruti,Wagon R 1.0,40.38k km,Petrol,Manual,DL-8C
2015,Maruti,Swift Dzire,28.93k km,Petrol,Manual,DL-1C
2023,Tata,NEXON,11.48k km,Petrol,Manual,DL-10
2013,Hyundai,i10,63.95k km,Petrol,Manual,DL-3C
2015,Hyundai,Creta,62.49k km,Petrol,Manual,DL-12
2017,Honda,BR-V,63.30k km,Petrol,Manual,DL-10
2023,Tata,TIAGO NRG,14.33k km,Petrol,Manual,DL-3C
2019,Maruti,Ertiga,67.54k km,Petrol,Auto,DL-8C
2021,Maruti,Celerio,28.23k km,Petrol,Manual,DL-2C
2019,Tata,NEXON,38.21k km,Petrol,Manual,DL-8C
2020,Renault,TRIBER,48.87k km,Petrol,Manual,DL-3C
2012,Maruti,Ritz,56.46k km,Petrol,Manual,DL-9C
2019,MG,HECTOR,76.45k km,Petrol,Auto,DL-3C
2014,Maruti,Ciaz,72.02k km,Petrol,Manual,DL-5C
2022,MG,ASTOR,50.80k km,Petrol,Manual,DL-10
2018,Tata,NEXON,33.18k km,Petrol,Manual,DL-11
2012,Hyundai,i10,59.06k km,Petrol,Manual,DL-10
2022,Hyundai,AURA,51.53k km,Petrol,Manual,DL-7C
2022,Skoda,SLAVIA,45.04k km,Petrol,Auto,DL-14
2018,Hyundai,Creta,70.95k km,Petrol,Auto,DL-8C
2015,Maruti,Swift Dzire,71.05k km,Petrol,Manual,DL-12
2022,Maruti,IGNIS,65.23k km,Petrol,Manual,DL-5C
2021,Datsun,Redi Go,23.63k km,Petrol,Manual,DL-3C
2020,Tata,NEXON,75.86k km,Petrol,Auto,DL-9C
2022,MG,ASTOR,21.51k km,Petrol,Manual,DL-12
2022,Renault,Kiger,25.24k km,Petrol,Manual,DL-10
2013,Hyundai,i10,40.91k km,Petrol,Manual,DL-7C
2013,Hyundai,Grand i10,44.81k km,Petrol,Manual,DL-12
2016,Maruti,Swift,54.20k km,Petrol,Manual,DL-6C
2018,Maruti,Dzire,49.38k km,Petrol,Manual,DL-3C
2021,Maruti,New Wagon-R,40.18k km,Petrol,Manual,DL-2C
2013,Maruti,Swift Dzire,1.1L km,Petrol,Manual,DL-8C
2018,Renault,Duster,49.64k km,Petrol,Auto,DL-1C
2020,Tata,NEXON,73.43k km,Petrol,Manual,DL-2C
2018,Maruti,Alto K10,32.81k km,Petrol,Manual,DL-8C
2015,Maruti,Ciaz,27.39k km,Petrol,Manual,DL-9C
2019,Honda,WR-V,71.59k km,Petrol,Manual,DL-7C
2016,Hyundai,Grand i10,11.00k km,Petrol,Manual,DL-7C
2019,MG,HECTOR,65.17k km,Petrol,Auto,DL-12
2020,Honda,WR-V,70.37k km,Petrol,Manual,DL-8C
2014,Maruti,Wagon R 1.0,34.06k km,Petrol,Manual,DL-8C
2018,Hyundai,Creta,74.50k km,Petrol,Auto,DL-3C
2022,MG,ASTOR,36.70k km,Petrol,Manual,DL-10
2018,Ford,Ecosport,58.37k km,Petrol,Auto,DL-12
2013,Maruti,Swift Dzire,61.50k km,Petrol,Manual,HR-26
2022,KIA,CARENS,28.18k km,Petrol,Manual,DL-3C
2020,Renault,TRIBER,54.36k km,Petrol,Manual,DL-12
2019,Maruti,New Wagon-R,48.78k km,Petrol,Manual,DL-3C
2021,Maruti,Vitara Brezza,79.63k km,Petrol,Manual,DL-6C
2018,Maruti,Ertiga,63.16k km,Petrol,Manual,DL-8C
2013,Hyundai,Grand i10,71.66k km,Petrol,Manual,DL-3C
2014,Maruti,Ertiga,53.23k km,Petrol,Manual,DL-9C
2015,Honda,City,56.80k km,Petrol,Auto,DL-14
2021,Honda,WR-V,53.23k km,Petrol,Manual,DL-14
2012,Maruti,Wagon R 1.0,51.55k km,Petrol,Manual,DL-12
2019,Ford,Ecosport,93.14k km,Petrol,Auto,DL-12
2017,Maruti,Wagon R 1.0,38.11k km,Petrol,Manual,DL-6C
2014,Honda,Amaze,44.67k km,Petrol,Manual,DL-4C
2020,Renault,Kwid,80.88k km,Petrol,Auto,DL-10
2020,Tata,NEXON,35.73k km,Petrol,Manual,DL-12
2016,Hyundai,Creta,70.18k km,Petrol,Auto,DL-12
2016,Renault,Kwid,15.96k km,Petrol,Manual,DL-1C
2017,Maruti,Baleno,74.76k km,Petrol,Auto,DL-10
2017,Hyundai,Creta,1.0L km,Petrol,Manual,DL-12
2018,Hyundai,Grand i10,35.14k km,Petrol,Manual,DL-8C
2014,Maruti,Wagon R 1.0,39.91k km,Petrol,Manual,DL-8C
2015,Maruti,Swift,48.52k km,Petrol,Manual,DL-7C
2015,Maruti,Wagon R 1.0,55.40k km,Petrol,Manual,DL-8C
2020,Renault,Kwid,25.53k km,Petrol,Manual,DL-12
2013,Maruti,Swift Dzire,45.35k km,Petrol,Manual,DL-9C
2013,Maruti,Swift,51.88k km,Petrol,Manual,DL-12
2017,Mini,Cooper,23.70k km,Petrol,Auto,DL-8C
2016,Mercedes,Benz Maybach S Class,66.00k km,Petrol,Auto,PY-05
2024,BMW,7 Series,12.36k km,Petrol,Auto,PY-05
2017,Landrover,DISCOVERY SPORT,78.96k km,Petrol,Auto,HR-26
2018,BMW,5 Series,38.50k km,Petrol,Auto,DL-2C
2014,BMW,Z4,37.58k km,Petrol,Auto,HR-26
2018,BMW,5 Series,61.00k km,Petrol,Auto,HR-26
2016,BMW,5 Series,58.64k km,Petrol,Auto,MH-47
2014,Mercedes,Benz S Class,83.57k km,Petrol,Auto,HP-12
2018,Mercedes,Benz GLA Class,38.30k km,Petrol,Auto,MH-02
2016,Jaguar,XJ L,24.16k km,Petrol,Auto,UP-16
2016,Mercedes,Benz C Class,66.30k km,Petrol,Auto,UP-16
2019,Mercedes,Benz CLA Class,35.60k km,Petrol,Auto,HP-15
2021,BMW,X1,20.00k km,Petrol,Auto,HP-24
2018,Toyota,Camry,99.00k km,Petrol,Auto,HR-26
2018,Mercedes,Benz E Class,62.00k km,Petrol,Auto,HR-26
2021,Hyundai,Verna,26.30k km,Petrol,Auto,DL-4C
2020,Tata,ALTROZ,33.86k km,Petrol,Manual,DL-2C
2020,Maruti,Swift,43.04k km,Petrol,Auto,DL-2C
2015,Honda,Amaze,62.35k km,Petrol,Manual,DL-4C
2016,Mahindra,Kuv100,61.43k km,Petrol,Manual,DL-8C
2017,Honda,City,94.51k km,Petrol,Auto,DL-4C
2015,Maruti,Ciaz,78.41k km,Petrol,Manual,DL-12
2021,Maruti,Ciaz,72.38k km,Petrol,Manual,DL-9C
2022,KIA,SONET,57.37k km,Petrol,Manual,DL-10
2018,Tata,NEXON,29.42k km,Petrol,Manual,DL-10
2016,Maruti,Wagon R 1.0,18.96k km,Petrol,Manual,DL-2C
2018,Maruti,Baleno,43.76k km,Petrol,Manual,DL-8C
2018,Maruti,Baleno,33.30k km,Petrol,Manual,DL-2C
2018,Honda,Amaze,40.82k km,Petrol,Manual,DL-11
2023,Hyundai,EXTER,16.74k km,Petrol,Auto,DL-7C
2018,Maruti,Baleno,42.61k km,Petrol,Manual,HR-26
2023,KIA,SELTOS,14.97k km,Petrol,Manual,DL-3C
2022,Maruti,Alto,4.79k km,Petrol,Manual,DL-2C
2014,Skoda,Rapid,69.77k km,Petrol,Manual,DL-8C
2022,Hyundai,GRAND I10 NIOS,12.01k km,Petrol,Manual,DL-8C
2023,Mahindra,XUV300,38.27k km,Petrol,Auto,DL-7C
2018,Hyundai,Grand i10,11.32k km,Petrol,Manual,DL-4C
2018,Hyundai,Elite i20,12.70k km,Petrol,Auto,DL-2C
2022,Maruti,New Wagon-R,8.07k km,Petrol,Manual,DL-10
2022,Volkswagen,VIRTUS,47.11k km,Petrol,Manual,DL-7C
2022,Hyundai,NEW I20,15.00k km,Petrol,Auto,DL-3C
2024,Maruti,Baleno,21.41k km,Petrol,Auto,DL-9C
2022,Hyundai,VENUE,26.56k km,Petrol,Manual,DL-9C
2019,Honda,City,65.86k km,Petrol,Auto,DL-3C
2015,Hyundai,Verna,18.36k km,Petrol,Manual,DL-7C
2015,Maruti,Celerio,71.28k km,Petrol,Auto,DL-5C
2018,Renault,Kwid,66.84k km,Petrol,Manual,DL-1C
2017,Tata,TIGOR,55.90k km,Petrol,Manual,DL-3C
2023,Tata,NEXON,12.15k km,Petrol,Manual,DL-3C
2023,Honda,Amaze,4.90k km,Petrol,Manual,DL-3C
2019,Honda,WR-V,23.72k km,Petrol,Manual,DL-3C
2021,Hyundai,ALCAZAR,17.51k km,Petrol,Manual,DL-5C
2019,Honda,WR-V,32.85k km,Petrol,Manual,DL-1C
2016,Maruti,Wagon R 1.0,36.56k km,Petrol,Auto,DL-2C
2015,Honda,Mobilio,63.64k km,Petrol,Manual,DL-14
2016,Hyundai,Grand i10,68.39k km,Petrol,Manual,DL-3C
2019,Tata,NEXON,25.79k km,Petrol,Auto,DL-10
2016,Hyundai,Grand i10,54.64k km,Petrol,Manual,DL-8C
2020,Hyundai,AURA,12.79k km,Petrol,Auto,DL-10
2017,Hyundai,Grand i10,57.55k km,Petrol,Manual,DL-8C
2019,Maruti,Alto,42.79k km,Petrol,Manual,HR-26
2018,Honda,Amaze,69.95k km,Petrol,Manual,DL-1C
2018,Toyota,Corolla Altis,59.58k km,Petrol,Manual,DL-1C
2020,Datsun,Redi Go,76.45k km,Petrol,Manual,HR-76
2018,Volkswagen,Polo,51.70k km,Petrol,Manual,HR-26
2018,Maruti,Dzire,91.18k km,Petrol,Manual,HR-26
2014,Hyundai,i20,62.86k km,Petrol,Manual,HR-26
2017,Hyundai,New Elantra,64.41k km,Petrol,Auto,UP-16
2022,Skoda,SLAVIA,31.46k km,Petrol,Manual,HR-98
2022,Maruti,New Wagon-R,33.83k km,Petrol,Manual,DL-2C
2017,Renault,Kwid,49.72k km,Petrol,Auto,HR-51
2023,Mahindra,XUV300,9.43k km,Petrol,Manual,HR-29
2018,Volkswagen,Polo,57.79k km,Petrol,Manual,HR-16
2018,Maruti,Ciaz,56.49k km,Petrol,Manual,UP-16
2023,Nissan,MAGNITE,29.34k km,Petrol,Manual,HR-29
2023,MG,HECTOR,18.65k km,Petrol,Auto,HR-29
2013,Hyundai,Eon,36.92k km,Petrol,Manual,DL-7C
2012,Hyundai,i10,59.01k km,Petrol,Manual,DL-4C
2022,Mahindra,XUV700,47.60k km,Petrol,Manual,HR-98
2023,Maruti,Swift,23.93k km,Petrol,Auto,DL-4C
2018,Maruti,Baleno,45.95k km,Petrol,Auto,DL-8C
2023,Maruti,FRONX,23.59k km,Petrol,Manual,HR-87
2022,Nissan,MAGNITE,63.12k km,Petrol,Manual,HR-87
2022,Mahindra,XUV700,78.15k km,Petrol,Auto,UP-83
2016,Ford,Ecosport,64.36k km,Petrol,Manual,DL-12
2015,Maruti,Alto 800,43.50k km,Petrol,Manual,HR-36
2021,Maruti,Swift,97.93k km,Petrol,Manual,HR-26
2024,Tata,Curvv,2.54k km,Petrol,Manual,HR-87
2016,Maruti,Swift,48.45k km,Petrol,Manual,DL-10
2022,Hyundai,NEW I20,37.20k km,Petrol,Auto,HR-51
2022,Mahindra,Thar,33.16k km,Petrol,Manual,HR-51
2023,Volkswagen,VIRTUS,75.07k km,Petrol,Manual,HR-12
2018,Hyundai,Creta,90.95k km,Petrol,Manual,DL-10
2017,Maruti,Celerio,85.78k km,Petrol,Manual,DL-3C
2021,Hyundai,Creta,80.07k km,Petrol,Manual,UP-32
2017,Honda,Jazz,63.09k km,Petrol,Manual,DL-10
2021,Honda,Amaze,22.82k km,Petrol,Manual,HR-51
2019,Ford,Ecosport,84.02k km,Petrol,Manual,DL-7C
2022,Toyota,URBAN CRUISER,43.66k km,Petrol,Manual,UP-16
2022,Skoda,SLAVIA,62.33k km,Petrol,Manual,HR-05
2019,Maruti,New Wagon-R,63.64k km,Petrol,Manual,UP-14
2023,Maruti,FRONX,23.64k km,Petrol,Manual,UP-16
2019,Tata,Tiago,48.71k km,Petrol,Manual,HR-12
2016,Honda,Jazz,78.53k km,Petrol,Auto,HR-26
2022,Maruti,XL6,22.21k km,Petrol,Auto,UP-16
2021,Honda,City,31.20k km,Petrol,Auto,DL-7C
2023,Maruti,BREZZA,12.29k km,Petrol,Manual,UP-16
2013,Maruti,Swift Dzire,89.04k km,Petrol,Manual,DL-2C
2020,Honda,Amaze,24.94k km,Petrol,Manual,DL-3C
2023,Hyundai,GRAND I10 NIOS,12.27k km,Petrol,Manual,UP-14
2018,Honda,WR-V,66.34k km,Petrol,Manual,HR-26
2018,Ford,Ecosport,79.29k km,Petrol,Auto,HR-26
2020,KIA,SELTOS,33.31k km,Petrol,Manual,HR-26
2021,Mahindra,Thar,60.96k km,Petrol,Auto,HR-06
2013,Maruti,Alto 800,64.28k km,Petrol,Manual,UP-14
2021,KIA,SONET,30.17k km,Petrol,Manual,HR-10
2018,Datsun,Go,99.61k km,Petrol,Manual,DL-3C
2024,MG,ASTOR,12.09k km,Petrol,Auto,UP-16
2019,Hyundai,Verna,90.34k km,Petrol,Manual,UP-14
2022,Tata,PUNCH,43.89k km,Petrol,Manual,HR-07
2021,Volkswagen,TAIGUN,58.42k km,Petrol,Manual,HR-70
2021,Maruti,New Wagon-R,50.64k km,Petrol,Manual,HR-26
2023,Maruti,New Wagon-R,22.66k km,Petrol,Manual,UP-14
2024,KIA,CARENS,26.37k km,Petrol,Manual,HR-26
2018,Honda,WR-V,55.90k km,Petrol,Manual,DL-9C
2022,Maruti,Celerio,73.41k km,Petrol,Manual,HR-52
2019,Mahindra,XUV300,89.50k km,Petrol,Manual,UP-16
2015,Hyundai,i10,52.98k km,Petrol,Manual,HR-26
2016,Ford,Ecosport,72.02k km,Petrol,Manual,HR-06
2020,KIA,SONET,81.09k km,Petrol,Manual,DL-2C
2022,Maruti,Baleno,40.52k km,Petrol,Manual,DL-7C
2022,Maruti,Baleno,27.86k km,Petrol,Manual,DL-8C
2016,Hyundai,Creta,59.35k km,Petrol,Manual,DL-4C
2019,Honda,City,52.96k km,Petrol,Manual,HR-06
2021,MG,HECTOR,38.66k km,Petrol,Manual,DL-3C
2016,Hyundai,Grand i10,72.66k km,Petrol,Manual,DL-7C
2021,Maruti,Dzire,48.44k km,Petrol,Auto,HR-10
2022,Tata,PUNCH,17.80k km,Petrol,Manual,DL-9C
2018,Toyota,YARIS,1.4L km,Petrol,Auto,HR-20
2022,Maruti,Baleno,40.21k km,Petrol,Auto,HR-87
2016,Volkswagen,Polo,86.73k km,Petrol,Manual,HR-29
2020,Honda,Amaze,53.38k km,Petrol,Manual,HR-29
2018,Maruti,Baleno,73.71k km,Petrol,Manual,DL-11
2017,Hyundai,Grand i10,31.03k km,Petrol,Manual,DL-5C
2014,Maruti,Wagon R 1.0,17.56k km,Petrol,Manual,DL-8C
2022,Toyota,Fortuner,10.54k km,Petrol,Manual,HR-29
2019,Honda,Amaze,19.14k km,Petrol,Auto,DL-4C
2021,Maruti,Celerio,44.77k km,Petrol,Manual,HR-87
2023,Hyundai,Creta,36.42k km,Petrol,Manual,HR-26
2021,Tata,Tiago,24.54k km,Petrol,Manual,HR-51
2016,Maruti,Alto 800,27.20k km,Petrol,Manual,DL-3C
2024,KIA,SONET,22.10k km,Petrol,Manual,UP-16
2018,Tata,Tiago,56.69k km,Petrol,Manual,DL-3C
2018,Honda,City,69.29k km,Petrol,Manual,UP-16
2022,Maruti,New Wagon-R,33.37k km,Petrol,Manual,HR-26
2013,Skoda,Rapid,45.05k km,Petrol,Manual,DL-8C
2018,Maruti,Alto K10,80.76k km,Petrol,Manual,HR-26
2021,Renault,TRIBER,20.61k km,Petrol,Manual,UP-14
2022,Nissan,MAGNITE,41.29k km,Petrol,Manual,UP-16
2019,Honda,Amaze,86.59k km,Petrol,Manual,HR-26
2022,Skoda,KUSHAQ,38.31k km,Petrol,Manual,HR-20
2022,Maruti,Alto K10,52.91k km,Petrol,Manual,HR-31
2022,Jeep,Compass,16.31k km,Petrol,Auto,DL-3C
2021,Renault,Kwid,38.10k km,Petrol,Manual,UP-70
2022,Honda,Amaze,19.96k km,Petrol,Auto,DL-8C
2015,Hyundai,Elite i20,45.97k km,Petrol,Manual,DL-1C
2022,Hyundai,VENUE N LINE,17.96k km,Petrol,Auto,HR-26
2019,Maruti,Ertiga,65.93k km,Petrol,Auto,DL-8C
2019,Hyundai,Verna,47.53k km,Petrol,Manual,UP-14
2016,Honda,Amaze,87.03k km,Petrol,Manual,HR-20
2022,Renault,Kiger,48.04k km,Petrol,Manual,DL-10
2020,MG,HECTOR,47.69k km,Petrol,Auto,HR-51
2020,Tata,NEXON,18.29k km,Petrol,Manual,UP-16
2020,Tata,NEXON,29.09k km,Petrol,Auto,DL-2C
2020,Renault,Kwid,67.22k km,Petrol,Manual,UP-14
2016,Hyundai,Creta,63.46k km,Petrol,Manual,HR-26
2017,Renault,Kwid,47.84k km,Petrol,Manual,DL-1C
2022,Maruti,Baleno,74.46k km,Petrol,Manual,DL-3C
2013,Hyundai,i10,27.08k km,Petrol,Manual,DL-3C
2019,Mahindra,XUV300,69.40k km,Petrol,Manual,DL-7C
2023,Nissan,MAGNITE,49.91k km,Petrol,Manual,DL-9C
2022,Maruti,Alto,35.77k km,Petrol,Manual,HR-30
2020,Hyundai,GRAND I10 NIOS,34.68k km,Petrol,Manual,HR-26
2016,Hyundai,Eon,57.91k km,Petrol,Manual,DL-12
2024,Hyundai,Creta,28.10k km,Petrol,Manual,HR-98
2024,Hyundai,Creta,32.99k km,Petrol,Manual,HR-98
2013,Volkswagen,Polo,53.99k km,Petrol,Manual,DL-3C
2015,Hyundai,Elite i20,54.67k km,Petrol,Manual,HR-26
2020,Nissan,MAGNITE,78.47k km,Petrol,Manual,UP-14
2015,Hyundai,Elite i20,37.75k km,Petrol,Manual,HR-26
2022,Renault,TRIBER,34.45k km,Petrol,Manual,DL-10
2022,Nissan,MAGNITE,35.34k km,Petrol,Manual,UP-13
2017,Maruti,Dzire,24.33k km,Petrol,Manual,DL-6C
2018,Hyundai,Elite i20,47.52k km,Petrol,Manual,HR-26
2016,Renault,Kwid,55.83k km,Petrol,Manual,DL-8C
2022,Mahindra,Thar,16.88k km,Petrol,Auto,HR-51
2022,Maruti,Ertiga,15.00k km,Petrol,Auto,HR-06
2015,Maruti,Ciaz,65.81k km,Petrol,Manual,DL-8C
2017,Toyota,Etios,52.15k km,Petrol,Manual,UP-14
2022,Maruti,Baleno,18.65k km,Petrol,Manual,DL-12
2014,Hyundai,Elite i20,41.62k km,Petrol,Manual,DL-8C
2021,Tata,TIGOR,78.97k km,Petrol,Auto,UP-16
2020,MG,HECTOR,93.43k km,Petrol,Manual,UP-16
2023,Maruti,Celerio,18.43k km,Petrol,Manual,HR-12
2014,Volkswagen,Polo,48.64k km,Petrol,Manual,HR-12
2019,Hyundai,Creta,90.26k km,Petrol,Manual,DL-12
2014,Maruti,Wagon R 1.0,57.98k km,Petrol,Manual,UP-16
2016,Renault,Kwid,23.13k km,Petrol,Manual,HR-26
2017,Jeep,WRANGLER,33.80k km,Petrol,Auto,UP-37
2022,Tata,PUNCH,15.94k km,Petrol,Auto,HR-87
2016,Maruti,Ciaz,87.61k km,Petrol,Manual,HR-26
2018,Hyundai,Creta,40.70k km,Petrol,Auto,HR-26
2022,Toyota,Innova Crysta,13.59k km,Petrol,Manual,DL-3C
2021,Ford,Ecosport,15.59k km,Petrol,Manual,DL-12
2021,Renault,Kiger,14.72k km,Petrol,Auto,UP-14
2013,Maruti,Ertiga,37.76k km,Petrol,Manual,DL-6C
2013,Hyundai,i10,57.36k km,Petrol,Manual,HR-26
2019,Hyundai,Creta,45.35k km,Petrol,Auto,HR-51
2021,Honda,Amaze,55.64k km,Petrol,Auto,DL-4C
2021,Hyundai,GRAND I10 NIOS,27.37k km,Petrol,Manual,HR-26
2020,KIA,SONET,76.69k km,Petrol,Manual,HR-06
2021,Hyundai,VENUE,76.79k km,Petrol,Manual,UP-16
2015,Honda,City,45.66k km,Petrol,Manual,DL-3C
2021,Tata,Tiago,30.16k km,Petrol,Manual,DL-3C
2017,Renault,Duster,83.80k km,Petrol,Auto,HR-51
2021,Maruti,New Wagon-R,15.95k km,Petrol,Manual,DL-8C
2018,Ford,Ecosport,55.59k km,Petrol,Auto,UP-16
2024,Tata,NEXON,19.10k km,Petrol,Manual,HR-50
2019,Skoda,Rapid,97.74k km,Petrol,Manual,HR-87
2014,Hyundai,Elite i20,21.65k km,Petrol,Manual,DL-3C
2022,Honda,City,48.61k km,Petrol,Manual,HR-26
2015,Hyundai,Grand i10,29.54k km,Petrol,Manual,DL-8C
2016,Maruti,Swift,48.18k km,Petrol,Manual,DL-5C
2023,Tata,NEXON,30.13k km,Petrol,Manual,HR-76
2019,Honda,City,69.00k km,Petrol,Auto,HR-26
2019,Hyundai,Verna,58.28k km,Petrol,Auto,HR-26
2021,Hyundai,NEW SANTRO,28.83k km,Petrol,Manual,UP-14
2019,Maruti,Baleno,23.44k km,Petrol,Manual,UP-14
2019,Hyundai,Elite i20,76.36k km,Petrol,Manual,DL-7C
2022,Mahindra,XUV300,62.94k km,Petrol,Manual,DL-8C
2016,Maruti,Alto K10,50.81k km,Petrol,Manual,HR-26
2022,MG,ASTOR,28.99k km,Petrol,Manual,DL-10
2021,Tata,PUNCH,64.83k km,Petrol,Manual,HR-33
2019,Honda,BR-V,47.55k km,Petrol,Auto,UP-16
2014,Maruti,Wagon R 1.0,31.98k km,Petrol,Manual,HR-51
2020,Toyota,Glanza,54.74k km,Petrol,Manual,HR-26
2018,Renault,Kwid,37.45k km,Petrol,Manual,DL-3C
2020,Toyota,Innova Crysta,36.28k km,Petrol,Auto,HR-26
2018,Tata,NEXON,29.11k km,Petrol,Manual,HR-14
2022,Maruti,S PRESSO,48.66k km,Petrol,Manual,DL-2C
2019,Honda,WR-V,83.28k km,Petrol,Manual,DL-4C
2021,Tata,ALTROZ,38.34k km,Petrol,Manual,UP-16
2016,Honda,City,59.35k km,Petrol,Manual,DL-9C
2018,Maruti,Ciaz,59.16k km,Petrol,Manual,HR-26
2016,Renault,Kwid,71.17k km,Petrol,Manual,UP-16
2014,Toyota,Corolla Altis,81.38k km,Petrol,Manual,HR-51
2012,Honda,Brio,30.24k km,Petrol,Manual,HR-03
2022,Volkswagen,TAIGUN,49.21k km,Petrol,Auto,HR-98
2021,Maruti,S PRESSO,39.99k km,Petrol,Manual,UP-14
2015,Hyundai,Xcent,32.77k km,Petrol,Manual,DL-8C
2024,Honda,Amaze,26.42k km,Petrol,Auto,DL-10
2022,Renault,TRIBER,81.84k km,Petrol,Manual,DL-10
2020,Maruti,XL6,92.00k km,Petrol,Auto,UP-32
2021,Maruti,Ciaz,82.75k km,Petrol,Auto,HR-26
2022,Nissan,MAGNITE,44.93k km,Petrol,Manual,DL-3C
2018,Hyundai,Elite i20,43.76k km,Petrol,Auto,UP-16
2019,Maruti,Dzire,72.42k km,Petrol,Auto,DL-3C
2019,Hyundai,Creta,49.92k km,Petrol,Manual,UP-16
2019,Datsun,Redi Go,26.02k km,Petrol,Manual,HR-51
2016,Hyundai,Elite i20,71.32k km,Petrol,Manual,DL-9C
2013,Hyundai,Verna,83.08k km,Petrol,Manual,DL-2C
2022,Maruti,Celerio,25.95k km,Petrol,Manual,HR-51
2013,Maruti,Swift,54.00k km,Petrol,Manual,DL-5C
2021,Hyundai,Creta,29.11k km,Petrol,Manual,DL-8C
2016,Hyundai,Grand i10,30.93k km,Petrol,Manual,DL-12
2018,Maruti,Baleno,39.16k km,Petrol,Manual,HR-26
2023,Hyundai,VENUE N LINE,51.75k km,Petrol,Auto,HR-36
2020,Renault,TRIBER,69.15k km,Petrol,Auto,HR-36
2021,Datsun,Redi Go,22.29k km,Petrol,Manual,UP-11
2022,Maruti,Swift,25.65k km,Petrol,Manual,HR-51
2019,Toyota,Innova Crysta,1.3L km,Petrol,Manual,HR-26
2012,Hyundai,i20,29.50k km,Petrol,Manual,DL-3C
2014,Ford,Ecosport,53.53k km,Petrol,Auto,HR-26
2013,Toyota,Corolla Altis,94.47k km,Petrol,Auto,DL-1C
2022,Nissan,MAGNITE,18.12k km,Petrol,Manual,DL-3C
2021,Maruti,Baleno,34.90k km,Petrol,Manual,HR-51
2021,Renault,TRIBER,26.47k km,Petrol,Manual,DL-10
2019,Jeep,Compass,55.55k km,Petrol,Manual,HR-26
2023,Renault,TRIBER,59.48k km,Petrol,Manual,HR-48
2019,Renault,Kwid,72.43k km,Petrol,Manual,HR-26
2016,Honda,Amaze,70.64k km,Petrol,Manual,HR-26
2019,Hyundai,NEW SANTRO,46.21k km,Petrol,Manual,HR-26
2022,Skoda,SLAVIA,30.26k km,Petrol,Manual,DL-10
2015,Hyundai,Elite i20,24.38k km,Petrol,Manual,DL-7C
2019,Hyundai,Creta,57.11k km,Petrol,Manual,DL-9C
2021,Mahindra,XUV300,16.47k km,Petrol,Manual,DL-12
2017,Hyundai,Grand i10,62.90k km,Petrol,Manual,DL-10
2020,Maruti,S PRESSO,15.70k km,Petrol,Manual,DL-5C
2022,Tata,NEXON,48.34k km,Petrol,Manual,UP-25
2020,Tata,Tiago,43.93k km,Petrol,Auto,DL-12
2022,Hyundai,VENUE,39.77k km,Petrol,Manual,HR-48
2013,Honda,Brio,36.22k km,Petrol,Manual,HR-26
2019,Maruti,Ciaz,48.88k km,Petrol,Manual,HR-26
2022,Nissan,MAGNITE,24.28k km,Petrol,Manual,DL-3C
2022,Honda,Amaze,79.01k km,Petrol,Manual,HR-26
2017,Maruti,Wagon R 1.0,27.97k km,Petrol,Auto,HR-26
2013,Hyundai,i10,94.78k km,Petrol,Manual,DL-10
2014,Hyundai,Grand i10,68.14k km,Petrol,Manual,HR-12
2020,Renault,TRIBER,30.22k km,Petrol,Manual,DL-8C
2019,Tata,NEXON,17.38k km,Petrol,Manual,DL-8C
2020,Hyundai,GRAND I10 NIOS,63.02k km,Petrol,Manual,HR-19
2019,Datsun,Redi Go,38.66k km,Petrol,Manual,UP-14
2019,Tata,NEXON,82.49k km,Petrol,Auto,DL-3C
2022,Nissan,MAGNITE,65.93k km,Petrol,Manual,HR-36
2021,Maruti,Baleno,9.59k km,Petrol,Manual,DL-3C
2019,Renault,TRIBER,46.13k km,Petrol,Manual,HR-26
2021,MG,HECTOR PLUS,79.07k km,Petrol,Auto,UP-16
2021,Renault,Kiger,49.72k km,Petrol,Manual,HR-12
2018,Maruti,Baleno,48.59k km,Petrol,Auto,HR-16
2012,Maruti,Swift,37.74k km,Petrol,Manual,DL-3C
2015,Hyundai,Elite i20,90.65k km,Petrol,Manual,DL-7C
2023,Maruti,BREZZA,41.18k km,Petrol,Manual,UP-86
2017,Honda,WR-V,42.84k km,Petrol,Manual,HR-26
2012,Honda,City,61.27k km,Petrol,Manual,DL-13
2019,Toyota,Etios Liva,43.33k km,Petrol,Manual,HR-26
2019,Maruti,Ciaz,30.94k km,Petrol,Manual,DL-8C
2023,Hyundai,GRAND I10 NIOS,55.28k km,Petrol,Manual,HR-98
2015,Maruti,Swift,32.81k km,Petrol,Manual,DL-8C
2019,Maruti,Alto K10,60.47k km,Petrol,Auto,DL-8C
2021,MG,HECTOR,96.29k km,Petrol,Auto,HR-05
2015,Maruti,Ciaz,44.38k km,Petrol,Manual,DL-2C
2017,Renault,Duster,62.13k km,Petrol,Manual,UP-14
2013,Toyota,Etios,44.27k km,Petrol,Manual,DL-3C
2017,Maruti,Alto K10,20.98k km,Petrol,Auto,UP-14
2019,Renault,TRIBER,35.07k km,Petrol,Manual,HR-26
2021,Tata,PUNCH,49.14k km,Petrol,Manual,HR-76
2018,Honda,City,79.86k km,Petrol,Manual,DL-10
2014,Maruti,Wagon R 1.0,23.39k km,Petrol,Manual,UP-14
2019,Hyundai,VENUE,96.46k km,Petrol,Manual,UP-14
2020,Honda,WR-V,32.67k km,Petrol,Manual,UP-14
2019,Maruti,Alto K10,18.65k km,Petrol,Manual,HR-26
2024,MG,ASTOR,17.37k km,Petrol,Manual,UP-16
2015,Hyundai,Elite i20,61.20k km,Petrol,Manual,DL-7C
2020,Tata,NEXON,81.19k km,Petrol,Auto,DL-9C
2021,Maruti,Ciaz,86.73k km,Petrol,Manual,DL-9C
2018,Maruti,Dzire,74.22k km,Petrol,Auto,DL-5C
2023,Hyundai,EXTER,8.95k km,Petrol,Manual,HR-26
2017,Maruti,Swift,79.77k km,Petrol,Manual,HR-26
2021,Ford,Ecosport,58.20k km,Petrol,Manual,UP-32
2017,Maruti,Ertiga,19.65k km,Petrol,Manual,DL-8C
2021,Renault,Kwid,21.09k km,Petrol,Manual,DL-10
2018,Maruti,Celerio,76.71k km,Petrol,Manual,HR-13
2023,Tata,Tiago,14.81k km,Petrol,Manual,DL-14
2019,Maruti,Baleno,48.62k km,Petrol,Manual,UP-16
2023,Maruti,Alto,24.93k km,Petrol,Manual,HR-72
2021,Maruti,Baleno,17.89k km,Petrol,Manual,HR-26
2017,Hyundai,Xcent,47.49k km,Petrol,Manual,DL-8C
2020,Hyundai,GRAND I10 NIOS,46.14k km,Petrol,Auto,UP-65
2014,Ford,Ecosport,63.86k km,Petrol,Manual,DL-10
2015,Maruti,Alto K10,37.45k km,Petrol,Manual,UP-70
2021,Maruti,Ciaz,68.18k km,Petrol,Auto,HR-98
2023,Renault,Kiger,33.67k km,Petrol,Auto,UP-14
2015,Hyundai,Elite i20,61.40k km,Petrol,Manual,DL-8C
2014,Ford,Ecosport,68.71k km,Petrol,Manual,HR-26
2016,Hyundai,Elite i20,27.51k km,Petrol,Manual,DL-12
2020,Tata,NEXON,44.99k km,Petrol,Manual,HR-12
2022,Tata,NEXON,23.12k km,Petrol,Auto,HR-98
2022,Tata,NEXON,73.70k km,Petrol,Manual,UP-52
2018,Maruti,Baleno,99.26k km,Petrol,Manual,HR-26
2020,Honda,WR-V,56.31k km,Petrol,Manual,UP-16
2019,Hyundai,VENUE,54.72k km,Petrol,Auto,UP-14
2015,Hyundai,Creta,55.02k km,Petrol,Manual,DL-8C
2022,Tata,NEXON,50.45k km,Petrol,Manual,HR-36
2017,Honda,City,70.94k km,Petrol,Manual,DL-10
2015,Hyundai,Elite i20,41.50k km,Petrol,Manual,DL-7C
2019,Honda,City,75.01k km,Petrol,Auto,DL-4C
2018,Maruti,Celerio,58.92k km,Petrol,Auto,DL-8C
2021,Renault,Kwid,32.26k km,Petrol,Auto,DL-12
2020,Maruti,Baleno,53.65k km,Petrol,Auto,DL-8C
2019,Tata,Tiago,36.10k km,Petrol,Auto,UP-14
2019,Mahindra,XUV300,75.15k km,Petrol,Manual,UP-14
2022,Tata,NEXON,32.87k km,Petrol,Manual,DL-9C
2015,Hyundai,Creta,66.00k km,Petrol,Manual,DL-10
2016,Hyundai,Grand i10,1.1L km,Petrol,Manual,HR-51
2016,Maruti,Ciaz,61.39k km,Petrol,Manual,DL-12
2016,Ford,Ecosport,69.47k km,Petrol,Auto,DL-8C
2013,Hyundai,i10,53.21k km,Petrol,Manual,DL-10
2015,Maruti,Swift,38.36k km,Petrol,Manual,DL-9C
2021,Tata,NEXON,30.33k km,Petrol,Manual,DL-9C
2013,Hyundai,i10,55.47k km,Petrol,Manual,HR-26
2019,Maruti,Swift,63.18k km,Petrol,Manual,DL-6C
2022,Tata,NEXON,14.74k km,Petrol,Manual,UP-14
2020,MG,HECTOR PLUS,75.93k km,Petrol,Auto,HR-87
2016,Hyundai,Creta,72.96k km,Petrol,Manual,UP-14
2022,Tata,TIAGO NRG,15.69k km,Petrol,Manual,HR-06
2019,Honda,City,53.85k km,Petrol,Manual,DL-3C
2014,Hyundai,Grand i10,50.14k km,Petrol,Manual,DL-7C
2022,Tata,TIAGO NRG,73.16k km,Petrol,Manual,UP-32
2014,Hyundai,i10,53.37k km,Petrol,Manual,HR-12
2016,Hyundai,Creta,75.91k km,Petrol,Auto,HR-26
2014,Honda,Amaze,33.18k km,Petrol,Manual,DL-4C
2022,Volkswagen,TAIGUN,65.37k km,Petrol,Manual,HR-10
2015,Hyundai,Grand i10,46.71k km,Petrol,Manual,DL-4C
2019,Hyundai,NEW SANTRO,51.39k km,Petrol,Auto,HR-26
2013,Hyundai,Grand i10,34.13k km,Petrol,Manual,HR-26
2021,Hyundai,GRAND I10 NIOS,31.48k km,Petrol,Manual,DL-8C
2024,Maruti,S PRESSO,4.27k km,Petrol,Auto,HR-98
2017,Honda,City,79.58k km,Petrol,Auto,DL-9C
2022,Renault,Kiger,27.29k km,Petrol,Auto,HR-98
2022,Hyundai,VENUE,71.38k km,Petrol,Manual,HR-72
2018,Hyundai,Creta,82.49k km,Petrol,Auto,HR-26
2019,Maruti,Baleno,62.03k km,Petrol,Manual,HR-06
2023,Tata,NEXON,42.73k km,Petrol,Auto,HR-05
2015,Maruti,Wagon R 1.0,38.89k km,Petrol,Manual,DL-3C
2015,Hyundai,i10,67.08k km,Petrol,Manual,DL-1C
2014,Hyundai,Grand i10,48.39k km,Petrol,Manual,DL-3C
2021,Renault,TRIBER,61.63k km,Petrol,Manual,UP-14
2014,Hyundai,i10,32.03k km,Petrol,Manual,DL-12
2021,MG,HECTOR,73.03k km,Petrol,Auto,DL-1C
2016,Maruti,Wagon R 1.0,53.62k km,Petrol,Auto,DL-9C
2015,Hyundai,Xcent,75.61k km,Petrol,Manual,DL-12
2019,Maruti,Baleno,51.89k km,Petrol,Manual,DL-6C
2014,Hyundai,Grand i10,47.70k km,Petrol,Manual,UP-65
2018,Hyundai,Creta,52.38k km,Petrol,Manual,DL-8C
2021,Tata,NEXON,87.76k km,Petrol,Auto,UP-14
2023,Renault,Kwid,40.06k km,Petrol,Manual,HR-26
2016,Hyundai,Creta,36.57k km,Petrol,Manual,DL-3C
2014,Hyundai,Elite i20,73.13k km,Petrol,Manual,DL-3C
2021,Maruti,S PRESSO,34.63k km,Petrol,Auto,DL-10
2013,Hyundai,Eon,21.89k km,Petrol,Manual,HR-26
2019,Tata,NEXON,75.64k km,Petrol,Manual,DL-7C
2021,Maruti,Baleno,58.67k km,Petrol,Auto,HR-98
2019,Maruti,Ertiga,86.89k km,Petrol,Manual,UP-70
2013,Honda,Brio,67.90k km,Petrol,Manual,DL-4C
2018,Maruti,Baleno,62.90k km,Petrol,Manual,UP-14
2018,Honda,City,79.09k km,Petrol,Manual,DL-4C
2018,Maruti,Baleno,84.98k km,Petrol,Manual,HR-26
2017,Hyundai,Grand i10,79.39k km,Petrol,Manual,DL-3C
2023,Tata,ALTROZ,16.02k km,Petrol,Auto,DL-14
2023,Renault,Kwid,28.25k km,Petrol,Manual,DL-8C
2018,Maruti,Ciaz,93.37k km,Petrol,Manual,UP-14
2018,Maruti,Alto 800,13.47k km,Petrol,Manual,DL-14
2018,Honda,Amaze,53.52k km,Petrol,Manual,UP-16
2015,Hyundai,i20 Active,78.02k km,Petrol,Manual,DL-8C
2016,Hyundai,Creta,76.47k km,Petrol,Manual,DL-8C
2017,Maruti,Baleno,71.34k km,Petrol,Manual,DL-3C
2022,Tata,NEXON,35.78k km,Petrol,Manual,HR-51
2020,Maruti,Baleno,72.23k km,Petrol,Manual,HR-10
2022,Renault,Kiger,48.80k km,Petrol,Manual,UP-16
2021,Datsun,Redi Go,50.46k km,Petrol,Auto,HR-26
2016,Hyundai,Creta,61.36k km,Petrol,Manual,DL-1C
2014,Hyundai,Grand i10,58.04k km,Petrol,Manual,DL-7C
2019,KIA,SELTOS,53.59k km,Petrol,Auto,DL-10
2015,Maruti,Alto K10,42.66k km,Petrol,Manual,UP-14
2022,Tata,NEXON,33.15k km,Petrol,Manual,HR-98
2016,Maruti,Celerio,33.84k km,Petrol,Auto,DL-8C
2021,Renault,Kiger,59.99k km,Petrol,Auto,UP-16
2016,Honda,City,75.36k km,Petrol,Auto,HR-26
2022,Renault,TRIBER,24.67k km,Petrol,Manual,DL-10
2014,Hyundai,Grand i10,49.14k km,Petrol,Manual,DL-12
2016,Renault,Kwid,56.36k km,Petrol,Manual,DL-8C
2014,Hyundai,Grand i10,53.37k km,Petrol,Manual,DL-8C
2017,Hyundai,Elite i20,52.00k km,Petrol,Manual,DL-8C
2017,Maruti,Ciaz,75.61k km,Petrol,Manual,DL-9C
2014,Honda,Amaze,65.96k km,Petrol,Manual,DL-10
2015,Maruti,Ciaz,53.55k km,Petrol,Manual,DL-12
2023,Renault,Kwid,27.77k km,Petrol,Manual,UP-16
2018,Maruti,Baleno,77.58k km,Petrol,Manual,DL-12
2020,Hyundai,GRAND I10 NIOS,65.38k km,Petrol,Auto,DL-9C
2013,Maruti,Swift Dzire,75.90k km,Petrol,Manual,UP-14
2021,Tata,NEXON,54.18k km,Petrol,Manual,HR-51
2024,Maruti,S PRESSO,19.22k km,Petrol,Auto,DL-9C
2015,Honda,Jazz,44.03k km,Petrol,Manual,HR-26
2014,Hyundai,Grand i10,42.11k km,Petrol,Manual,DL-7C
2014,Maruti,Wagon R 1.0,56.92k km,Petrol,Manual,DL-5C
2022,Renault,Kwid,11.42k km,Petrol,Auto,DL-3C
2018,Maruti,Baleno,74.30k km,Petrol,Manual,HR-26
2016,Maruti,Baleno,98.68k km,Petrol,Manual,DL-12
2014,Hyundai,Grand i10,62.84k km,Petrol,Manual,DL-12
2018,Maruti,Alto 800,13.92k km,Petrol,Manual,DL-12
2015,Hyundai,Elite i20,79.87k km,Petrol,Manual,UP-14
2015,Hyundai,i10,35.32k km,Petrol,Manual,UP-14
2024,Tata,ALTROZ,29.45k km,Petrol,Manual,HR-12
2010,Honda,City,1.6L km,Petrol,Manual,UP-16
2017,Maruti,Dzire,85.03k km,Petrol,Manual,HR-10
2020,Maruti,Vitara Brezza,28.32k km,Petrol,Auto,KA-02
2012,Hyundai,Santro Xing,1.9L km,Petrol,Manual,HR-10
2013,Hyundai,Santro Xing,1.6L km,Petrol,Manual,DL-8C
2011,Hyundai,i10,91.16k km,Petrol,Manual,HR-10
2019,Maruti,XL6,1.8L km,Petrol,Manual,HR-10
2022,Maruti,Ertiga,89.38k km,Petrol,Manual,HR-26
2013,Honda,Brio,63.55k km,Petrol,Manual,HR-51
2011,Hyundai,i10,1.1L km,Petrol,Manual,HR-26
2020,Tata,Tiago,57.91k km,Petrol,Manual,HR-10
2022,Maruti,IGNIS,23.25k km,Petrol,Manual,HR-42
2010,Hyundai,Santro Xing,1.5L km,Petrol,Manual,DL-8C
2011,Toyota,Etios Liva,85.34k km,Petrol,Manual,DL-3C
2023,Maruti,Baleno,72.22k km,Petrol,Manual,HR-10
2011,Honda,City,1.1L km,Petrol,Manual,HR-10
2010,Hyundai,i10,1.1L km,Petrol,Manual,HR-51
2020,KIA,SELTOS,71.71k km,Petrol,Auto,HR-70
2012,Hyundai,Verna,82.24k km,Petrol,Manual,DL-8C
2016,Maruti,Alto K10,1.7L km,Petrol,Manual,DL-8C
2021,Renault,Kwid,24.70k km,Petrol,Manual,HR-72
2015,Hyundai,Grand i10,11.25k km,Petrol,Manual,HR-11
2012,Honda,City,1.1L km,Petrol,Manual,HR-26
2014,Skoda,Rapid,1.5L km,Petrol,Manual,DL-6C
2016,Maruti,Wagon R 1.0,1.2L km,Petrol,Manual,HR-10
2018,Maruti,Baleno,64.08k km,Petrol,Manual,HR-12
2023,Tata,NEXON,13.74k km,Petrol,Manual,KA-01
2022,CITROEN,C3,33.21k km,Petrol,Manual,HR-10
2011,Maruti,Alto,1.6L km,Petrol,Manual,DL-9C
2020,Maruti,Baleno,49.02k km,Petrol,Manual,DL-5C
2014,Hyundai,i10,1.1L km,Petrol,Manual,UP-14
2017,Maruti,Ciaz,1.4L km,Petrol,Manual,DL-9C
2018,Hyundai,Verna,52.89k km,Petrol,Manual,DL-8C
2022,Maruti,IGNIS,29.13k km,Petrol,Manual,HR-10
2010,Maruti,Zen Estilo,99.04k km,Petrol,Manual,HR-10
2017,Maruti,Wagon R 1.0,1.7L km,Petrol,Manual,DL-8C
2011,Hyundai,i10,1.6L km,Petrol,Manual,HR-16
2012,Maruti,Alto,77.07k km,Petrol,Manual,DL-9C
2012,Hyundai,i10,90.63k km,Petrol,Manual,DL-1C
2011,Hyundai,Accent,60.65k km,Petrol,Manual,HR-26
2020,Honda,Amaze,53.46k km,Petrol,Manual,HR-10
2022,Hyundai,AURA,60.37k km,Petrol,Manual,HR-29
2023,Renault,TRIBER,50.21k km,Petrol,Manual,HR-51
2021,Tata,ALTROZ,34.91k km,Petrol,Manual,HR-42
2016,Honda,Amaze,1.4L km,Petrol,Manual,HR-10
2023,Hyundai,AURA,39.81k km,Petrol,Manual,HR-10
2010,Hyundai,i20,54.79k km,Petrol,Manual,DL-10
2024,Honda,ELEVATE,8.96k km,Petrol,Auto,PY-05
2018,Maruti,Wagon R 1.0,95.94k km,Petrol,Auto,JH-01
2020,Maruti,Baleno,41.06k km,Petrol,Manual,HR-98
2024,MG,HECTOR PLUS,8.75k km,Petrol,Auto,HR-10
2018,Maruti,Wagon R 1.0,70.71k km,Petrol,Manual,HR-10
2021,Maruti,Ertiga,99.71k km,Petrol,Manual,HR-10
2011,Maruti,Alto K10,1.2L km,Petrol,Manual,DL-8C
2012,Honda,City,2.5L km,Petrol,Manual,HR-35
2017,Volkswagen,Polo,85.14k km,Petrol,Manual,DL-8C
2022,Tata,TIGOR,71.26k km,Petrol,Manual,DL-11
2012,Honda,City,1.4L km,Petrol,Auto,HR-26
2019,MG,HECTOR,41.80k km,Petrol,Manual,HR-12
2016,Datsun,Go,65.34k km,Petrol,Manual,DL-11
2022,Maruti,Dzire,17.49k km,Petrol,Auto,HR-10
2011,Hyundai,Santro Xing,1.6L km,Petrol,Manual,HR-12
2011,Hyundai,i10,1.2L km,Petrol,Manual,HR-10
2013,Hyundai,i10,88.13k km,Petrol,Auto,DL-3C
2021,Maruti,Vitara Brezza,76.27k km,Petrol,Manual,HR-10
2010,Hyundai,i20,54.69k km,Petrol,Manual,DL-10
2019,Hyundai,NEW SANTRO,74.15k km,Petrol,Auto,HR-10
2016,Maruti,Wagon R 1.0,84.27k km,Petrol,Manual,HR-82
2014,Honda,City,77.16k km,Petrol,Auto,HR-26
2018,Ford,FREESTYLE,71.99k km,Petrol,Manual,CG-13
2020,Honda,Jazz,89.06k km,Petrol,Auto,DL-11
2021,Toyota,YARIS,31.76k km,Petrol,Manual,UP-15
2024,MG,HECTOR,1.98k km,Petrol,Manual,HR-10
2021,Renault,Kwid,43.90k km,Petrol,Auto,BR-28
2021,Maruti,Swift,50.62k km,Petrol,Manual,HR-33
2023,MG,ASTOR,12.42k km,Petrol,Manual,DL-10
2012,Hyundai,Santro Xing,1.6L km,Petrol,Manual,HR-10
2013,Honda,Amaze,1.3L km,Petrol,Manual,DL-1C
2023,Tata,Tiago,47.02k km,Petrol,Manual,HR-10
2021,Hyundai,NEW SANTRO,78.45k km,Petrol,Manual,HR-10
2017,Honda,WR-V,57.06k km,Petrol,Manual,UP-14
2017,Hyundai,Elite i20,41.09k km,Petrol,Manual,UP-16
2019,Honda,Amaze,45.18k km,Petrol,Manual,HR-51
2021,Tata,ALTROZ,36.55k km,Petrol,Manual,UP-16
2014,Honda,City,90.30k km,Petrol,Auto,UP-16
2017,Maruti,Baleno,37.90k km,Petrol,Manual,UP-16
2016,Hyundai,Elite i20,36.56k km,Petrol,Manual,HR-26
2021,Maruti,IGNIS,56.68k km,Petrol,Manual,HR-26
2024,KIA,CARENS,9.45k km,Petrol,Manual,UP-32
2021,KIA,SONET,48.44k km,Petrol,Manual,DL-3C
2024,Tata,PUNCH,8.92k km,Petrol,Manual,HR-98
2017,Renault,Kwid,50.23k km,Petrol,Manual,DL-8C
2019,Hyundai,Elite i20,47.28k km,Petrol,Manual,HR-26
2023,Nissan,MAGNITE,35.84k km,Petrol,Manual,HR-87
2020,Maruti,Baleno,75.95k km,Petrol,Manual,HR-13
2020,Maruti,Vitara Brezza,43.93k km,Petrol,Manual,DL-8C
2018,Hyundai,Elite i20,42.92k km,Petrol,Manual,DL-10
2022,Honda,Amaze,52.85k km,Petrol,Manual,HR-12
2017,Maruti,Swift,9.51k km,Petrol,Manual,DL-2C
2013,Hyundai,Verna,82.59k km,Petrol,Manual,DL-7C
2017,Honda,City,70.24k km,Petrol,Auto,HR-51
2019,Renault,Kwid,62.51k km,Petrol,Manual,UP-13
2023,Mahindra,XUV300,36.41k km,Petrol,Manual,HR-26
2014,Toyota,Etios,69.67k km,Petrol,Manual,DL-14
2018,Hyundai,Verna,63.69k km,Petrol,Manual,DL-1C
2024,Maruti,Alto K10,3.42k km,Petrol,Manual,UP-37
2021,Maruti,Baleno,75.14k km,Petrol,Manual,HR-26
2023,Renault,Kiger,19.52k km,Petrol,Auto,HR-51
2022,Maruti,Swift,55.57k km,Petrol,Manual,HR-33
2018,Hyundai,Elite i20,79.86k km,Petrol,Manual,HR-26
2017,Hyundai,i20 Active,30.25k km,Petrol,Manual,DL-5C
2016,Honda,Amaze,51.59k km,Petrol,Manual,DL-14
2024,Toyota,Glanza,6.32k km,Petrol,Manual,HR-51
2024,Maruti,Swift,18.07k km,Petrol,Manual,DL-14
2021,Tata,ALTROZ,44.44k km,Petrol,Manual,HR-10
2021,Renault,Kiger,14.15k km,Petrol,Auto,HR-98
2019,Ford,Ecosport,73.03k km,Petrol,Manual,UP-14
2023,Mahindra,Thar,18.85k km,Petrol,Manual,HR-30
2022,Maruti,BREZZA,39.76k km,Petrol,Auto,HR-98
2014,Hyundai,Xcent,1.4L km,Petrol,Manual,DL-7C
2024,Volkswagen,TAIGUN,10.10k km,Petrol,Manual,HR-98
2019,Renault,Kwid,44.99k km,Petrol,Manual,UP-16
2015,Maruti,Ciaz,87.62k km,Petrol,Manual,DL-8C
2015,Hyundai,Elite i20,40.57k km,Petrol,Manual,DL-2C
2015,Hyundai,Elite i20,75.17k km,Petrol,Manual,DL-8C
2022,Mahindra,XUV300,25.05k km,Petrol,Manual,HR-50
2018,Maruti,Ciaz,72.47k km,Petrol,Auto,HR-26
2013,Maruti,Swift Dzire,63.59k km,Petrol,Manual,DL-8C
2016,Maruti,Swift Dzire,59.37k km,Petrol,Manual,HR-26
2017,Datsun,Redi Go,21.92k km,Petrol,Manual,DL-8C
2020,Toyota,Glanza,57.43k km,Petrol,Manual,HR-30
2021,Honda,Amaze,30.35k km,Petrol,Auto,DL-3C
2017,Honda,Jazz,84.87k km,Petrol,Manual,UP-14
2017,Maruti,Baleno,65.09k km,Petrol,Manual,DL-8C
2013,Maruti,Swift Dzire,22.96k km,Petrol,Manual,DL-13
2018,Hyundai,Creta,53.71k km,Petrol,Auto,DL-4C
2017,Maruti,Dzire,76.80k km,Petrol,Auto,DL-3C
2024,Tata,ALTROZ,4.30k km,Petrol,Auto,UP-14
2018,Hyundai,Elite i20,58.72k km,Petrol,Manual,UP-78
2015,Hyundai,Grand i10,80.24k km,Petrol,Auto,DL-8C
2019,Honda,Amaze,48.16k km,Petrol,Manual,DL-10
2018,Hyundai,Creta,70.36k km,Petrol,Manual,HR-26
2016,Ford,Ecosport,52.47k km,Petrol,Manual,HR-26
2015,Maruti,Ertiga,78.45k km,Petrol,Manual,DL-8C
2017,Honda,Amaze,1.5L km,Petrol,Manual,UP-14
2020,Renault,TRIBER,24.59k km,Petrol,Auto,DL-3C
2021,KIA,SONET,22.54k km,Petrol,Manual,DL-4C
2019,Mahindra,XUV300,62.03k km,Petrol,Manual,HR-26
2022,Maruti,Celerio,50.63k km,Petrol,Manual,HR-26
2021,KIA,SELTOS,55.43k km,Petrol,Manual,HR-26
2016,Ford,Ecosport,57.20k km,Petrol,Auto,DL-12
2015,Hyundai,Elite i20,34.26k km,Petrol,Manual,DL-10
2015,Maruti,Ciaz,79.86k km,Petrol,Manual,DL-3C
2023,Maruti,Celerio,20.91k km,Petrol,Auto,DL-12
2016,Ford,Ecosport,84.98k km,Petrol,Auto,HR-26
2018,Datsun,Redi Go,66.71k km,Petrol,Manual,DL-9C
2016,Honda,Amaze,40.85k km,Petrol,Manual,DL-3C
2015,Hyundai,Grand i10,42.85k km,Petrol,Manual,DL-1C
2017,Maruti,Swift Dzire,31.97k km,Petrol,Manual,DL-3C
2016,Maruti,Baleno,43.30k km,Petrol,Manual,DL-2C
2016,Honda,City,61.65k km,Petrol,Auto,HR-26
2017,Hyundai,Creta,56.60k km,Petrol,Manual,DL-7C
2018,Maruti,Swift,1.4L km,Diesel,Auto,HR-26
2021,Mahindra,Thar,52.90k km,Diesel,Auto,DL-1C
2020,KIA,SONET,48.29k km,Diesel,Manual,DL-3C
2023,Tata,NEXON,31.90k km,Diesel,Auto,DL-3C
2022,Mahindra,Bolero,36.60k km,Diesel,Manual,DL-8C
2021,Tata,Harrier,89.58k km,Diesel,Manual,HR-20
2021,KIA,SONET,86.25k km,Diesel,Manual,DL-1C
2021,Tata,Harrier,26.78k km,Diesel,Auto,DL-10
2022,Tata,Safari,23.72k km,Diesel,Manual,HR-26
2019,Mahindra,XUV500,41.87k km,Diesel,Manual,DL-8C
2022,KIA,CARENS,46.97k km,Diesel,Manual,DL-7C
2017,Maruti,Swift,1.3L km,Diesel,Manual,HR-29
2021,Tata,Safari,87.66k km,Diesel,Auto,DL-10
2022,Mahindra,XUV300,75.36k km,Diesel,Manual,DL-12
2022,Tata,NEXON,32.13k km,Diesel,Auto,DL-10
2018,BMW,5 Series,62.00k km,Diesel,Auto,UP-14
2017,BMW,X3,33.30k km,Diesel,Auto,HR-26
2019,Volvo,XC 60,68.45k km,Diesel,Auto,UP-16
2013,BMW,3 Series,88.24k km,Diesel,Auto,UP-16
2015,Mercedes,Benz E Class,95.40k km,Diesel,Auto,HR-26
2017,BMW,5 Series,68.27k km,Diesel,Auto,UP-14
2019,BMW,5 Series,10.86k km,Diesel,Auto,HR-26
2017,Volvo,S60,52.79k km,Diesel,Auto,DL-2C
2016,Audi,Q7,80.82k km,Diesel,Auto,UP-16
2017,Audi,A6,29.50k km,Diesel,Auto,DL-2C
2022,Mercedes,Benz E Class,10.05k km,Diesel,Auto,MP-09
2019,Mercedes,Benz GLA Class,52.00k km,Diesel,Auto,CH-01
2017,Landrover,DISCOVERY SPORT,69.00k km,Diesel,Auto,HR-51
2018,Toyota,Fortuner,1.7L km,Diesel,Auto,DL-10
2018,BMW,3 Series,61.20k km,Diesel,Auto,DL-3C
2017,Mercedes,Benz E Class,1.2L km,Diesel,Auto,HR-72
2018,Audi,A3,36.70k km,Diesel,Auto,HP-07
2018,BMW,3 Series,65.89k km,Diesel,Auto,UP-14
2015,Mercedes,Benz CLS Class,65.70k km,Diesel,Auto,CH-01
2018,Jaguar,F- PACE,50.01k km,Diesel,Auto,UP-16
2021,Mercedes,Benz GLC COUPE,62.00k km,Diesel,Auto,UP-16
2017,Mercedes,Benz E Class,66.00k km,Diesel,Auto,HR-26
2016,Mercedes,Benz S Class,80.26k km,Diesel,Auto,CH-01
2015,Mercedes,Benz GL Class,1.3L km,Diesel,Auto,PY-04
2020,Hyundai,VENUE,31.54k km,Diesel,Manual,UP-65
2021,Tata,ALTROZ,87.19k km,Diesel,Manual,HR-29
2020,KIA,SELTOS,59.28k km,Diesel,Auto,HR-70
2022,Mahindra,XUV700,67.29k km,Diesel,Manual,DL-3C
2019,Maruti,Vitara Brezza,40.54k km,Diesel,Manual,DL-4C
2021,Jeep,Compass,37.35k km,Diesel,Manual,HR-26
2020,KIA,SONET,45.21k km,Diesel,Manual,HR-12
2024,Hyundai,Creta,3.59k km,Diesel,Manual,HR-87
2023,Mahindra,SCORPIO-N,79.73k km,Diesel,Manual,UP-14
2019,Hyundai,Creta,85.30k km,Diesel,Manual,HR-51
2018,Mahindra,XUV500,64.93k km,Diesel,Auto,HR-26
2019,Mahindra,XUV500,59.48k km,Diesel,Manual,HR-26
2020,Mahindra,XUV500,97.26k km,Diesel,Manual,DL-8C
2019,Mahindra,Scorpio,35.02k km,Diesel,Manual,HR-51
2018,Mahindra,XUV500,49.23k km,Diesel,Auto,HR-26
2017,ISUZU,D-Max V Cross,68.29k km,Diesel,Manual,HR-51
2019,Mercedes,Benz GLC CLASS,54.02k km,Diesel,Auto,HP-12
2018,Audi,Q5,70.95k km,Diesel,Auto,HP-12
2018,Mahindra,Scorpio,28.87k km,Diesel,Manual,DL-6C
2020,Mahindra,XUV300,34.84k km,Diesel,Auto,HR-51
2021,Tata,ALTROZ,73.70k km,Diesel,Manual,UP-14
2022,KIA,SELTOS,30.90k km,Diesel,Manual,HR-26
2018,Maruti,Vitara Brezza,84.57k km,Diesel,Manual,UP-14
2022,KIA,CARENS,76.09k km,Diesel,Manual,HR-72
2017,Toyota,Fortuner,91.14k km,Diesel,Auto,HR-26
2019,Hyundai,Verna,87.63k km,Diesel,Manual,HR-30
2022,Tata,Harrier,30.11k km,Diesel,Auto,UP-16
2020,KIA,SONET,97.89k km,Diesel,Auto,HR-06
2021,Mahindra,XUV500,19.61k km,Diesel,Manual,UP-14
2020,KIA,SELTOS,93.14k km,Diesel,Manual,HR-70
2023,KIA,SONET,25.44k km,Diesel,Manual,HR-29
2022,Tata,Harrier,20.39k km,Diesel,Auto,HR-26
2018,Toyota,Fortuner,54.08k km,Diesel,Manual,UP-16
2019,Maruti,Vitara Brezza,51.48k km,Diesel,Auto,HR-51
2021,Tata,Harrier,66.78k km,Diesel,Auto,HR-26
2021,Tata,Safari,58.29k km,Diesel,Manual,UP-16
2021,Mahindra,Bolero,78.49k km,Diesel,Manual,HR-26
2023,Tata,Harrier,64.97k km,Diesel,Manual,HR-15
2018,Toyota,Fortuner,1.3L km,Diesel,Auto,UP-16
2022,Tata,Safari,12.89k km,Diesel,Manual,HR-26
2021,Tata,Harrier,43.38k km,Diesel,Auto,UP-16
2018,Audi,Q7,1.0L km,Diesel,Auto,DL-1C
2023,Hyundai,Tucson,21.19k km,Diesel,Auto,UP-16
2018,Hyundai,Creta,80.85k km,Diesel,Manual,DL-3C
2019,Renault,Duster,75.79k km,Diesel,Manual,HR-29
2023,Tata,ALTROZ,46.71k km,Diesel,Manual,HR-29
2022,Hyundai,GRAND I10 NIOS,54.11k km,Diesel,Auto,DL-2C
2022,Mahindra,XUV700,24.58k km,Diesel,Auto,HR-30
2019,Mahindra,XUV500,52.52k km,Diesel,Auto,UP-16
2021,Tata,ALTROZ,37.00k km,Diesel,Manual,UP-16
2015,Mercedes,Benz GL Class,80.77k km,Diesel,Auto,UP-83
2021,Tata,NEXON,75.70k km,Diesel,Auto,HR-26
2023,Tata,NEXON,28.97k km,Diesel,Auto,DL-12
2021,Mahindra,Bolero,57.73k km,Diesel,Manual,HR-51
2023,KIA,SONET,52.35k km,Diesel,Manual,UP-16
2021,Tata,Harrier,56.04k km,Diesel,Auto,UP-16
2022,Tata,Safari,55.29k km,Diesel,Manual,UP-81
2020,Tata,NEXON,1.0L km,Diesel,Manual,UP-16
2019,Maruti,Dzire,84.30k km,Diesel,Manual,UP-16
2023,Mahindra,XUV300,60.94k km,Diesel,Manual,HR-36
2022,KIA,CARENS,60.47k km,Diesel,Manual,HR-51
2023,KIA,CARENS,48.55k km,Diesel,Manual,HR-35
2022,KIA,SELTOS,50.87k km,Diesel,Manual,HR-26
2021,Tata,Safari,92.69k km,Diesel,Auto,UP-14
2022,Jeep,Compass,66.68k km,Diesel,Auto,HR-98
2020,KIA,SELTOS,83.09k km,Diesel,Manual,HR-26
2021,Tata,Safari,58.68k km,Diesel,Manual,UP-16
2021,Tata,Safari,58.65k km,Diesel,Manual,HR-50
2020,Ford,Ecosport,70.72k km,Diesel,Manual,UP-14
2023,Tata,Safari,39.17k km,Diesel,Auto,UP-16
2023,KIA,SONET,58.50k km,Diesel,Manual,HR-20
2022,Tata,NEXON,36.95k km,Diesel,Manual,HR-12
2022,Tata,NEXON,58.46k km,Diesel,Manual,UP-85
2021,MG,HECTOR PLUS,95.74k km,Diesel,Manual,HR-20
2020,Hyundai,Creta,1.5L km,Diesel,Auto,HR-31
2017,Maruti,Vitara Brezza,93.00k km,Diesel,Manual,HR-42
2021,Mahindra,Scorpio,85.79k km,Diesel,Manual,HR-42
2014,Chevrolet,Sail,1.3L km,Diesel,Manual,HR-10
2019,Mahindra,XUV300,1.0L km,Diesel,Manual,HR-10
2015,Hyundai,Xcent,1.2L km,Diesel,Manual,DL-1C
2018,Tata,NEXON,1.9L km,Diesel,Manual,HR-10
2017,Maruti,IGNIS,93.38k km,Diesel,Manual,HR-10
2024,Mahindra,Thar,20.29k km,Diesel,Manual,UP-15
2022,Tata,Safari,58.14k km,Diesel,Auto,UP-16
2024,Hyundai,Creta,26.37k km,Diesel,Auto,HR-10
2017,Maruti,Ciaz,1.3L km,Diesel,Manual,HR-11
2013,BMW,X1,46.60k km,Diesel,Auto,GJ-12
2019,Tata,Harrier,38.84k km,Diesel,Manual,HR-26
2016,Maruti,Swift,1.4L km,Diesel,Manual,DL-2C
2023,KIA,SONET,52.57k km,Diesel,Manual,HR-10
2017,Maruti,Vitara Brezza,81.07k km,Diesel,Manual,HR-10
2023,Mahindra,Thar,73.96k km,Diesel,Auto,HR-10
2015,Hyundai,Elite i20,1.0L km,Diesel,Manual,HR-10
2018,Hyundai,Creta,1.2L km,Diesel,Manual,HR-10
2021,Ford,Endeavour,1.2L km,Diesel,Auto,UP-32
2016,Mahindra,XUV500,72.81k km,Diesel,Manual,HR-10
2018,BMW,X1,1.1L km,Diesel,Auto,PB-03
2017,Renault,Captur,1.9L km,Diesel,Manual,HR-51
2015,Hyundai,Creta,2.4L km,Diesel,Manual,HR-42
2017,Maruti,Ertiga,68.93k km,Diesel,Manual,HR-10
2016,Renault,Duster,63.94k km,Diesel,Auto,HR-10
2014,Mercedes,Benz C Class,1.2L km,Diesel,Auto,HR-26
2014,Renault,Duster,1.8L km,Diesel,Manual,HR-10
2019,Hyundai,Creta,1.2L km,Diesel,Manual,HR-26
2018,Maruti,Ciaz,79.51k km,Diesel,Manual,HR-10
2016,Hyundai,Grand i10,98.00k km,Diesel,Manual,HR-10
2014,Maruti,Ciaz,1.0L km,Diesel,Manual,HR-10
2017,Honda,WR-V,1.7L km,Diesel,Manual,HR-10
2016,Maruti,Swift Dzire,1.2L km,Diesel,Manual,HR-10
2017,Tata,Safari Storme,1.3L km,Diesel,Manual,HR-30
2019,Mahindra,XUV300,1.1L km,Diesel,Auto,HR-10
2016,Hyundai,Grand i10,1.5L km,Diesel,Manual,HR-10
2015,Ford,New Figo,83.95k km,Diesel,Manual,HR-13
2016,Mahindra,XUV500,1.2L km,Diesel,Manual,HR-10
2019,Ford,Ecosport,1.2L km,Diesel,Manual,HR-10
2017,Maruti,S Cross,1.6L km,Diesel,Manual,HR-10
2021,Toyota,Innova Crysta,79.21k km,Diesel,Auto,HR-70
2017,Hyundai,Creta,1.2L km,Diesel,Manual,HR-10
2017,Hyundai,Creta,72.62k km,Diesel,Manual,HR-10
2017,Hyundai,Creta,1.5L km,Diesel,Manual,HR-12
2020,MG,HECTOR,1.2L km,Diesel,Manual,HR-42
2018,Mercedes,Benz GLA Class,39.10k km,Diesel,Auto,HR-51
2017,Hyundai,Creta,68.84k km,Diesel,Manual,UP-17
2012,Landrover,Discovery 4,1.6L km,Diesel,Auto,HR-70
2012,Ford,Figo,88.65k km,Diesel,Manual,HR-10
2019,MG,HECTOR,1.0L km,Diesel,Manual,HR-10
2018,Ford,Ecosport,1.2L km,Diesel,Manual,DL-8C
2021,MG,HECTOR PLUS,54.47k km,Diesel,Manual,UP-14
2019,Mahindra,XUV300,56.93k km,Diesel,Manual,HR-26
2018,Tata,Hexa,94.87k km,Diesel,Manual,HR-26
2023,Mahindra,SCORPIO-N,12.34k km,Diesel,Auto,UP-14
2017,Maruti,Vitara Brezza,37.11k km,Diesel,Manual,HR-15
2024,Mahindra,Thar,36.18k km,Diesel,Auto,UP-16
2021,Tata,Harrier,72.45k km,Diesel,Auto,HR-14
2019,Hyundai,Grand i10,94.55k km,CNG,Manual,HR-05
2018,Datsun,Redi Go,56.40k km,CNG,Manual,DL-8C
2021,Maruti,Baleno,34.17k km,CNG,Manual,DL-8C
2022,Tata,TIGOR,61.94k km,CNG,Manual,HR-76
2017,Hyundai,Grand i10,85.51k km,CNG,Manual,HR-51
2017,Maruti,Wagon R 1.0,34.64k km,CNG,Auto,DL-2C
2015,Hyundai,Grand i10,44.43k km,CNG,Manual,DL-12
2019,Honda,WR-V,33.79k km,CNG,Manual,DL-11
2019,Maruti,New Wagon-R,27.91k km,CNG,Manual,DL-5C
2013,Honda,Amaze,54.74k km,CNG,Manual,DL-8C
2018,Mahindra,KUV 100 NXT,47.88k km,CNG,Manual,DL-1C
2022,Maruti,New Wagon-R,41.30k km,CNG,Manual,HR-26
2015,Maruti,Wagon R 1.0,78.27k km,CNG,Manual,DL-3C
2018,Maruti,Wagon R 1.0,51.94k km,CNG,Manual,DL-8C
2014,Maruti,Wagon R 1.0,82.25k km,CNG,Manual,HR-29
2015,Maruti,Ciaz,78.76k km,CNG,Manual,DL-1C
2016,Hyundai,Grand i10,87.12k km,CNG,Manual,HR-12
2017,Ford,Figo Aspire,74.83k km,CNG,Manual,DL-3C
2016,Maruti,Baleno,54.07k km,CNG,Manual,DL-2C
2016,Honda,Amaze,70.20k km,CNG,Manual,DL-14
2023,Nissan,MAGNITE,50.44k km,CNG,Manual,HR-14
2020,Tata,ALTROZ,68.42k km,CNG,Manual,DL-12
2024,Tata,ALTROZ,27.64k km,CNG,Manual,UP-14
2023,Maruti,JIMNY,32.82k km,CNG,Manual,HR-87
2024,Tata,ALTROZ,15.96k km,CNG,Manual,UP-16
2016,Renault,Kwid,60.80k km,CNG,Manual,HR-30
2015,Hyundai,i20 Active,88.40k km,CNG,Manual,DL-1C
2023,Maruti,New Wagon-R,59.60k km,CNG,Manual,HR-81
2020,Renault,Kwid,48.27k km,CNG,Auto,HR-36
2016,Hyundai,Creta,1.2L km,CNG,Manual,DL-2C
2015,Maruti,Celerio,89.93k km,CNG,Auto,DL-4C
2018,Hyundai,Xcent,95.02k km,CNG,Manual,HR-26
2024,Maruti,Alto K10,19.25k km,CNG,Manual,DL-1C
2020,Maruti,Ertiga,65.36k km,CNG,Manual,HR-51
2017,Hyundai,Grand i10,55.43k km,CNG,Manual,DL-8C
2019,Maruti,Alto 800,63.57k km,CNG,Manual,DL-5C
2022,Tata,TIGOR,68.41k km,CNG,Manual,HR-36
2022,Maruti,New Wagon-R,42.20k km,CNG,Manual,DL-7C
2020,Maruti,New Wagon-R,82.98k km,CNG,Manual,HR-13
2017,Maruti,Swift,65.07k km,CNG,Manual,HR-20
2013,Maruti,Wagon R 1.0,53.95k km,CNG,Manual,DL-12
2017,Maruti,Celerio,43.32k km,CNG,Manual,DL-1C
2018,Maruti,Wagon R 1.0,40.40k km,CNG,Manual,DL-5C
2021,Hyundai,GRAND I10 NIOS,64.04k km,CNG,Manual,UP-25
2018,Honda,Amaze,99.88k km,CNG,Manual,UP-14
2012,Hyundai,i10,50.39k km,CNG,Manual,DL-4C
2016,Maruti,Ertiga,55.66k km,CNG,Manual,DL-1C
2017,Hyundai,Grand i10,67.19k km,CNG,Manual,DL-7C
2022,Tata,TIGOR,74.22k km,CNG,Manual,UP-16
2022,Tata,TIGOR,55.05k km,CNG,Manual,UP-14
2023,Tata,TIGOR,8.09k km,CNG,Manual,HR-87
2017,Maruti,Ertiga,38.39k km,CNG,Manual,DL-9C
2022,Tata,Tiago,49.32k km,CNG,Manual,DL-11
2023,Tata,Tiago,39.39k km,CNG,Manual,DL-3C
2023,Tata,ALTROZ,61.08k km,CNG,Manual,HR-77
2024,Tata,TIGOR,15.08k km,CNG,Auto,UP-14
2013,Maruti,Wagon R 1.0,63.46k km,CNG,Manual,DL-3C
2014,Maruti,Wagon R 1.0,69.41k km,CNG,Manual,UP-14
2023,Tata,TIGOR,42.65k km,CNG,Manual,UP-80
2021,Maruti,New Wagon-R,32.03k km,CNG,Manual,DL-9C
2022,Tata,Tiago,77.05k km,CNG,Manual,UP-16
2018,Hyundai,Elite i20,73.70k km,CNG,Manual,DL-8C
2023,Tata,Tiago,19.45k km,CNG,Manual,DL-3C
2024,Maruti,New Wagon-R,29.73k km,CNG,Manual,HR-29
2016,Hyundai,Elite i20,74.13k km,CNG,Manual,HR-26
2018,Maruti,Celerio,40.54k km,CNG,Manual,DL-12
2013,Maruti,Ertiga,78.70k km,CNG,Manual,HR-26
2020,Maruti,New Wagon-R,62.22k km,CNG,Manual,DL-12
2016,Honda,City,70.14k km,CNG,Auto,HR-26
2015,Hyundai,Grand i10,75.78k km,CNG,Manual,HR-20
2020,Toyota,Lexus,65.61k km,Hybrid,Auto,HR-29
